sample	A1	A2	B1	B2	C1	C2	Reads	Objective
"CTR03_T1,0"	A*02:01	A*03:01	B*13:02	B*40:01	C*03:04	C*06:02	5523	5373.878999999998
"PT02_T1,0"	A*11:01	A*33:03	B*07:02	B*44:03	C*04:01	C*07:02	63487	61772.85100000034
"CTR01_T1,0"	A*11:01	A*24:02	B*27:05	B*57:01	C*02:02	C*06:02	3395	3303.3349999999996
"C5_T1,0"	A*24:02	A*25:01	B*40:01	B*40:01	C*03:04	C*03:04	13481	13359.67099999996
"CTR06_T1,0"	A*02:01	A*02:01	B*35:01	B*57:01	C*04:01	C*06:02	5158	5065.155999999998
"IBM2_T1,0"	A*01:01	A*03:01	B*08:01	B*35:01	C*04:01	C*07:01	130426	126904.49799999865
"CTR04_T1,0"	A*01:01	A*02:01	B*08:01	B*08:01	C*07:01	C*07:01	5185	5138.334999999992
"PT03_T1,0"	A*02:01	A*24:02	B*37:01	B*44:02	C*05:01	C*06:02	28898	28117.754000000208
"PT04_T1,0"	A*11:01	A*32:01	B*35:03	B*50:01	C*04:01	C*06:02	35045	34098.785000000105
"PT05_T1,0"	A*01:01	A*02:01	B*08:01	B*40:02	C*02:02	C*07:01	51701	50305.073000000426
"PT08_T1,0"	A*02:01	A*11:01	B*08:01	B*52:01	C*07:01	C*12:02	66223	64434.97900000044
"CTR05_T1,0"	A*11:01	A*11:01	B*13:02	B*58:01	C*03:02	C*06:02	3895	3824.89
"PT10_T1,0"	A*01:01	A*03:01	B*07:02	B*08:01	C*07:01	C*07:02	64162	62429.626000000295
"PT09_T1,0"	A*30:01	A*33:03	B*08:01	B*35:01	C*04:01	C*07:01	55797	54290.48100000011
"C1_T1,0"	A*30:02	A*68:01	B*42:01	B*58:01	C*03:02	C*07:01	11909	11587.456999999966
"Ctrl1_T1,0"	A*03:01	A*24:02	B*07:02	B*40:02	C*02:02	C*07:02	2624	2553.1519999999973
"Ctrl2_T1,0"	A*02:01	A*31:01	B*18:01	B*44:02	C*05:01	C*07:01	2460	2393.5799999999977
"IBM4_T1,0"	A*02:01	A*03:01	B*35:01	B*45:01	C*16:01	C*16:01	83392	81890.944
"IBM_2_T1,0"	A*24:02	A*25:01	B*15:17	B*18:01	C*07:01	C*12:03	2708	2634.884
"Ctrl4_T1,0"	A*11:01	A*26:01	B*18:01	B*49:01	C*01:02	C*07:01	2458	2391.6340000000005
"Ctrl3_T1,0"	A*02:01	A*24:02	B*51:01	B*51:01	C*02:02	C*12:03	4028	3955.4959999999874
"Ctrl_3_old_T1,0"	A*01:01	A*02:05	B*15:17	B*35:02	C*04:01	C*07:01	1023	995.379
"IBM_5_T1,0"	A*32:01	A*33:03	B*45:01	B*50:01	C*06:02	C*16:01	15828	15400.643999999967
"IBM_3_T1,0"	A*01:01	A*03:01	B*08:01	B*40:01	C*03:04	C*07:01	18097	17608.380999999994
"IBM_4_T1,0"	A*01:01	A*24:02	B*07:02	B*51:01	C*07:02	C*14:02	34795	33855.53500000161